build20k	new	raw-with-logs	1	1129350	20006	0
build200k	new	raw-with-logs	1	11689350	200006	0
build20k	new	internal-json	1	2573707	20051	0
build200k	new	internal-json	1	26093707	200051	0
build20k	new	diffs	1	2747	4	0
build200k	new	diffs	1	3203	4	0
build20k	new	diffs-with-logs	1	2911945	12	0
build200k	new	diffs-with-logs	1	29493162	103	0
build20k	new	raw-with-logs	2	1129350	20006	0
build200k	new	raw-with-logs	2	11689350	200006	0
build20k	new	internal-json	2	2573707	20051	0
build200k	new	internal-json	2	26093707	200051	0
build20k	new	diffs	2	3203	4	0
build200k	new	diffs	2	3144	4	0
build20k	new	diffs-with-logs	2	2912604	12	0
build200k	new	diffs-with-logs	2	29492784	102	0
build20k	batched	raw-with-logs	1	1129362	20006	0
build200k	batched	raw-with-logs	1	11689362	200006	0
build20k	batched	internal-json	1	2573735	20051	0
build200k	batched	internal-json	1	26093735	200051	0
build20k	batched	diffs	1	2521	3	0
build200k	batched	diffs	1	3184	4	0
build20k	batched	diffs-with-logs	1	1173088	13	0
build200k	batched	diffs-with-logs	1	12101780	103	0
build20k	batched	raw-with-logs	2	1129362	20006	0
build200k	batched	raw-with-logs	2	11689362	200006	0
build20k	batched	internal-json	2	2573735	20051	0
build200k	batched	internal-json	2	26093735	200051	0
build20k	batched	diffs	2	2899	4	0
build200k	batched	diffs	2	3621	5	0
build20k	batched	diffs-with-logs	2	1174054	15	0
build200k	batched	diffs-with-logs	2	12102159	104	0
build20k	base	raw-with-logs	1	1129353	20006	0
build200k	base	raw-with-logs	1	11689353	200006	0
build20k	base	internal-json	1	2573948	20054	0
build200k	base	internal-json	1	26093714	200051	0
build20k	base	diffs	1	2386	3	0
build200k	base	diffs	1	3173	6	0
build20k	base	raw-with-logs	2	1129353	20006	0
build200k	base	raw-with-logs	2	11689353	200006	0
build20k	base	internal-json	2	2573714	20051	0
build200k	base	internal-json	2	26093714	200051	0
build20k	base	diffs	2	2386	3	0
build200k	base	diffs	2	2912	5	0
build20k	final	raw-with-logs	1	1129356	20006	0
build200k	final	raw-with-logs	1	11689356	200006	0
build20k	final	internal-json	1	2573955	20054	0
build200k	final	internal-json	1	26093721	200051	0
build20k	final	diffs	1	2904	3	0
build200k	final	diffs	1	2629	3	0
build20k	final	diffs-with-logs	1	1173523	13	0
build200k	final	diffs-with-logs	1	12101203	102	0
build20k	final	raw-with-logs	2	1129356	20006	0
build200k	final	raw-with-logs	2	11689356	200006	0
build20k	final	internal-json	2	2573721	20051	0
build200k	final	internal-json	2	26093721	200051	0
build20k	final	diffs	2	2629	3	0
build200k	final	diffs	2	2629	3	0
build20k	final	diffs-with-logs	2	1173523	13	0
build200k	final	diffs-with-logs	2	12101203	102	0
